,SLT,IL,OF,DP,CPU
SLT,1,,,,
IL,0.603544237,1,,,
OF,-0.997633301,-0.628414737,1,,
DP,-0.995593727,-0.656731933,0.991839147,1,
CPU,0.998851649,0.57557421,-0.994233467,-0.993491731,1
